{
    "benchmark_1": {
        "TN Rate": 0.5025492670216144,
        "FP Rate": 0.49745073297838466,
        "TP Rate": 0.9637011615626483,
        "FN Rate": 0.03629883843716317,
        "Accuracy": 0.5049490484010751,
        "Precision": 0.010032446888806813,
        "Recall": 0.9637011615626483,
        "Specificity": 0.5025492670216144,
        "F1 Score": 0.01985816354052627,
        "IoU Lane": 0.010028657230946963,
        "IoU Background": 0.5024538595216579,
        "Mean IoU": 0.2562412583763024,
        "Pixel Accuracy": 0.5049490484010747,
        "Mean Pixel Accuracy": 0.2562412583763024,
        "Frequency-Weighted IoU": 0.49989133544830444,
        "Dice Coefficient": 0.019858163744464672,
        "Boundary F1 Score": 0.019858163744464672
    }
}