{
    "benchmark_1": {
        "TN Rate": 0.5021551979242862,
        "FP Rate": 0.4978448020757129,
        "TP Rate": 0.943977221300169,
        "FN Rate": 0.05602277869964248,
        "Accuracy": 0.5044543888791198,
        "Precision": 0.009821428571428552,
        "Recall": 0.943977221300169,
        "Specificity": 0.5021551979242862,
        "F1 Score": 0.019440591064163,
        "IoU Lane": 0.009815707209930156,
        "IoU Background": 0.5020080788601511,
        "Mean IoU": 0.25591189303504064,
        "Pixel Accuracy": 0.5044543888791193,
        "Mean Pixel Accuracy": 0.25591189303504064,
        "Frequency-Weighted IoU": 0.4994467664106514,
        "Dice Coefficient": 0.01944059126798584,
        "Boundary F1 Score": 0.01944059126798584
    }
}