{
    "benchmark_1": {
        "TN Rate": 0.5166819954120291,
        "FP Rate": 0.48331800458797,
        "TP Rate": 0.7586362950669863,
        "FN Rate": 0.24136370493282522,
        "Accuracy": 0.5179410977378919,
        "Precision": 0.008144094934009373,
        "Recall": 0.7586362950669863,
        "Specificity": 0.5166819954120291,
        "F1 Score": 0.016115190235438098,
        "IoU Lane": 0.008123047451139445,
        "IoU Background": 0.5160304556886001,
        "Mean IoU": 0.26207675156986976,
        "Pixel Accuracy": 0.5179410977378914,
        "Mean Pixel Accuracy": 0.26207675156986976,
        "Frequency-Weighted IoU": 0.5133873639975401,
        "Dice Coefficient": 0.01611519044560509,
        "Boundary F1 Score": 0.01611519044560509
    }
}