{
    "benchmark_1": {
        "TN Rate": 0.502183803691051,
        "FP Rate": 0.49781619630894813,
        "TP Rate": 0.9604955498565092,
        "FN Rate": 0.039504450143302255,
        "Accuracy": 0.5045688052652733,
        "Precision": 0.009992141563283543,
        "Recall": 0.9604955498565092,
        "Specificity": 0.502183803691051,
        "F1 Score": 0.019778524737674476,
        "IoU Lane": 0.009988036788102103,
        "IoU Background": 0.5020800478426285,
        "Mean IoU": 0.2560340423153653,
        "Pixel Accuracy": 0.5045688052652728,
        "Mean Pixel Accuracy": 0.2560340423153653,
        "Frequency-Weighted IoU": 0.49951925765811706,
        "Dice Coefficient": 0.019778524941474366,
        "Boundary F1 Score": 0.019778524941474366
    }
}