{
    "benchmark_1": {
        "TN Rate": 0.5031639950853315,
        "FP Rate": 0.49683600491466756,
        "TP Rate": 0.6997284658318186,
        "FN Rate": 0.30027153416799285,
        "Accuracy": 0.504186893966037,
        "Precision": 0.007313448720323836,
        "Recall": 0.6997284658318186,
        "Specificity": 0.5031639950853315,
        "F1 Score": 0.014475600598234337,
        "IoU Lane": 0.007290568078046864,
        "IoU Background": 0.5023748884647425,
        "Mean IoU": 0.2548327282713947,
        "Pixel Accuracy": 0.5041868939660366,
        "Mean Pixel Accuracy": 0.2548327282713947,
        "Frequency-Weighted IoU": 0.49979852664688873,
        "Dice Coefficient": 0.014475600802969052,
        "Boundary F1 Score": 0.014475600802969052
    }
}