{
    "benchmark_1": {
        "TN Rate": 0.5023248597133737,
        "FP Rate": 0.4976751402866254,
        "TP Rate": 0.9649079800873125,
        "FN Rate": 0.035092019912499044,
        "Accuracy": 0.5047320890273312,
        "Precision": 0.010040400195427832,
        "Recall": 0.9649079800873125,
        "Specificity": 0.5023248597133737,
        "F1 Score": 0.019874000241241356,
        "IoU Lane": 0.010036735263086955,
        "IoU Background": 0.5022326648077641,
        "Mean IoU": 0.2561347000354255,
        "Pixel Accuracy": 0.5047320890273307,
        "Mean Pixel Accuracy": 0.2561347000354255,
        "Frequency-Weighted IoU": 0.4996713338433911,
        "Dice Coefficient": 0.019874000445088087,
        "Boundary F1 Score": 0.019874000445088087
    }
}