{
    "benchmark_1": {
        "TN Rate": 0.5020844726319748,
        "FP Rate": 0.49791552736802436,
        "TP Rate": 0.9466359933623196,
        "FN Rate": 0.05336400663749183,
        "Accuracy": 0.504397867576869,
        "Precision": 0.009847433629568409,
        "Recall": 0.9466359933623196,
        "Specificity": 0.5020844726319748,
        "F1 Score": 0.019492099403860482,
        "IoU Lane": 0.009841970134927623,
        "IoU Background": 0.5019443534465157,
        "Mean IoU": 0.25589316179072163,
        "Pixel Accuracy": 0.5043978675768686,
        "Mean Pixel Accuracy": 0.25589316179072163,
        "Frequency-Weighted IoU": 0.49938350928597236,
        "Dice Coefficient": 0.019492099607649725,
        "Boundary F1 Score": 0.019492099607649725
    }
}