{
    "benchmark_1": {
        "TN Rate": 0.5021667388715672,
        "FP Rate": 0.49783326112843196,
        "TP Rate": 0.9593264444107409,
        "FN Rate": 0.040673555589070626,
        "Accuracy": 0.5045457453589731,
        "Precision": 0.009979761925545758,
        "Recall": 0.9593264444107409,
        "Specificity": 0.5021667388715672,
        "F1 Score": 0.019754024812274583,
        "IoU Lane": 0.00997554105177789,
        "IoU Background": 0.5020599167275884,
        "Mean IoU": 0.25601772888968316,
        "Pixel Accuracy": 0.5045457453589726,
        "Mean Pixel Accuracy": 0.25601772888968316,
        "Frequency-Weighted IoU": 0.499499166276709,
        "Dice Coefficient": 0.019754025016070126,
        "Boundary F1 Score": 0.019754025016070126
    }
}