{
    "benchmark_1": {
        "TN Rate": 0.5019652161767382,
        "FP Rate": 0.4980347838232609,
        "TP Rate": 0.9525380902095052,
        "FN Rate": 0.04746190979030633,
        "Accuracy": 0.5043099455511455,
        "Precision": 0.009905873124816139,
        "Recall": 0.9525380902095052,
        "Specificity": 0.5019652161767382,
        "F1 Score": 0.01960783532257076,
        "IoU Lane": 0.009900986217803645,
        "IoU Background": 0.5018406200269749,
        "Mean IoU": 0.2558708031223893,
        "Pixel Accuracy": 0.5043099455511451,
        "Mean Pixel Accuracy": 0.2558708031223893,
        "Frequency-Weighted IoU": 0.4992806227961093,
        "Dice Coefficient": 0.019607835526300427,
        "Boundary F1 Score": 0.019607835526300427
    }
}