{
    "benchmark_1": {
        "TN Rate": 0.4958099456529883,
        "FP Rate": 0.5041900543470108,
        "TP Rate": 0.46749132599176585,
        "FN Rate": 0.5325086740080457,
        "Accuracy": 0.49566257881581594,
        "Precision": 0.004826935515085332,
        "Recall": 0.46749132599176585,
        "Specificity": 0.4958099456529883,
        "F1 Score": 0.009555211477315279,
        "IoU Lane": 0.004800540932201838,
        "IoU Background": 0.4944326492004368,
        "Mean IoU": 0.2496165950663193,
        "Pixel Accuracy": 0.4956625788158155,
        "Mean Pixel Accuracy": 0.2496165950663193,
        "Frequency-Weighted IoU": 0.4918846600668842,
        "Dice Coefficient": 0.009555211679619808,
        "Boundary F1 Score": 0.009555211679619808
    }
}