{
    "benchmark_1": {
        "TN Rate": 0.5054679429967949,
        "FP Rate": 0.4945320570032042,
        "TP Rate": 0.61951274702055,
        "FN Rate": 0.3804872529792615,
        "Accuracy": 0.5060614190300945,
        "Precision": 0.006510475238534771,
        "Recall": 0.61951274702055,
        "Specificity": 0.5054679429967949,
        "F1 Score": 0.01288553584466566,
        "IoU Lane": 0.006484546453799419,
        "IoU Background": 0.504463873477381,
        "Mean IoU": 0.25547420996559017,
        "Pixel Accuracy": 0.5060614190300939,
        "Mean Pixel Accuracy": 0.25547420996559017,
        "Frequency-Weighted IoU": 0.5018724463782113,
        "Dice Coefficient": 0.012885536050497281,
        "Boundary F1 Score": 0.012885536050497281
    }
}