{
    "benchmark_1": {
        "TN Rate": 0.4973360139896005,
        "FP Rate": 0.5026639860103986,
        "TP Rate": 0.38199577613509167,
        "FN Rate": 0.6180042238647199,
        "Accuracy": 0.49673579666775525,
        "Precision": 0.003959600271531076,
        "Recall": 0.38199577613509167,
        "Specificity": 0.4973360139896005,
        "F1 Score": 0.007837955536729769,
        "IoU Lane": 0.0039343966834383725,
        "IoU Background": 0.49573338419894963,
        "Mean IoU": 0.249833890441194,
        "Pixel Accuracy": 0.49673579666775475,
        "Mean Pixel Accuracy": 0.249833890441194,
        "Frequency-Weighted IoU": 0.49317411887520746,
        "Dice Coefficient": 0.007837955739809103,
        "Boundary F1 Score": 0.007837955739809103
    }
}