{
    "benchmark_1": {
        "TN Rate": 0.9993180556558386,
        "FP Rate": 0.0006819443441611075,
        "TP Rate": 0.24835153354718936,
        "FN Rate": 0.7516484664528076,
        "Accuracy": 0.9659817122186495,
        "Precision": 0.9441885206659817,
        "Recall": 0.24835153354718936,
        "Specificity": 0.9993180556558386,
        "F1 Score": 0.3932625395185592,
        "IoU Lane": 0.2447584333445173,
        "IoU Background": 0.9656024922409854,
        "Mean IoU": 0.6051804627927513,
        "Pixel Accuracy": 0.9659817122186494,
        "Mean Pixel Accuracy": 0.6051804627927513,
        "Frequency-Weighted IoU": 0.9336033226314595,
        "Dice Coefficient": 0.39326254281624845,
        "Boundary F1 Score": 0.39326254281624845
    }
}